,num_padres,eps,tau,n_sigmas,discreto,elitismo,ej,index,Mejor
0,3,0.0001,0.2,False,False,False,0,417,0.0001862791929474
1,3,0.0001,0.2,False,False,False,1,346,7.217457947474847e-06
2,3,0.0001,0.2,False,False,False,2,483,3.9446946849413e-06
3,3,0.0001,0.2,False,False,False,3,541,7.522399129930304e-05
4,3,0.0001,0.2,False,False,True,0,1199,1.7300660640929224e-05
5,3,0.0001,0.2,False,False,True,1,1199,5.9110346285054505e-06
6,3,0.0001,0.2,False,False,True,2,1177,1.9065028100496378e-05
7,3,0.0001,0.2,False,False,True,3,1199,9.685570613186956e-06
8,3,0.0001,0.2,False,True,False,0,563,4.818450679900865e-06
9,3,0.0001,0.2,False,True,False,1,230,2.0577618160263543e-05
10,3,0.0001,0.2,False,True,False,2,210,6.059172251291141e-06
11,3,0.0001,0.2,False,True,False,3,238,6.818159115185611e-06
12,3,0.0001,0.2,False,True,True,0,1199,2.3630896545382848e-05
13,3,0.0001,0.2,False,True,True,1,1199,2.1321597783213665e-06
14,3,0.0001,0.2,False,True,True,2,1199,8.684415343752911e-06
15,3,0.0001,0.2,False,True,True,3,1199,1.0227490406047912e-05
16,3,0.0001,0.2,True,False,False,0,276,1.049169462703172e-05
17,3,0.0001,0.2,True,False,False,1,180,1.6305087782789438e-06
18,3,0.0001,0.2,True,False,False,2,172,5.532385102894893e-06
19,3,0.0001,0.2,True,False,False,3,198,2.4974856923023133e-06
20,3,0.0001,0.2,True,False,True,0,1199,4.45427634106168e-08
21,3,0.0001,0.2,True,False,True,1,1199,3.6448982495818185e-08
22,3,0.0001,0.2,True,False,True,2,1199,4.9202269338894986e-08
23,3,0.0001,0.2,True,False,True,3,1199,4.423705772056893e-09
24,3,0.0001,0.2,True,True,False,0,205,1.0445363274298024e-06
25,3,0.0001,0.2,True,True,False,1,154,4.30307708526798e-06
26,3,0.0001,0.2,True,True,False,2,187,2.0945555463242587e-06
27,3,0.0001,0.2,True,True,False,3,282,4.2297011953927104e-06
28,3,0.0001,0.2,True,True,True,0,996,3.7539286327881135e-08
29,3,0.0001,0.2,True,True,True,1,1199,6.4663431519694335e-09
30,3,0.0001,0.2,True,True,True,2,1199,4.0157665369095696e-08
31,3,0.0001,0.2,True,True,True,3,1039,5.6866325751825824e-08
32,3,0.0001,0.3,False,False,False,0,1199,6.391216342874549e-05
33,3,0.0001,0.3,False,False,False,1,296,3.891625796194836e-05
34,3,0.0001,0.3,False,False,False,2,510,0.0001276420176997
35,3,0.0001,0.3,False,False,False,3,1199,0.0002563933876173
36,3,0.0001,0.3,False,False,True,0,1199,1.644107695592642e-05
37,3,0.0001,0.3,False,False,True,1,1199,9.138998465752794e-06
38,3,0.0001,0.3,False,False,True,2,1199,4.762593692250121e-06
39,3,0.0001,0.3,False,False,True,3,1199,1.9044590882513265e-06
40,3,0.0001,0.3,False,True,False,0,289,7.142062926798106e-06
41,3,0.0001,0.3,False,True,False,1,280,5.565104347850806e-06
42,3,0.0001,0.3,False,True,False,2,1199,8.427281368087117e-05
43,3,0.0001,0.3,False,True,False,3,1178,4.064795780332701e-05
44,3,0.0001,0.3,False,True,True,0,1199,5.514935025090881e-06
45,3,0.0001,0.3,False,True,True,1,1199,2.117551695577725e-06
46,3,0.0001,0.3,False,True,True,2,1199,3.799576245203404e-06
47,3,0.0001,0.3,False,True,True,3,1199,8.926238895844366e-06
48,3,0.0001,0.3,True,False,False,0,165,4.649757414630311e-06
49,3,0.0001,0.3,True,False,False,1,318,5.8249752677886845e-06
50,3,0.0001,0.3,True,False,False,2,135,8.38213378441874e-06
51,3,0.0001,0.3,True,False,False,3,220,4.910308843369109e-06
52,3,0.0001,0.3,True,False,True,0,980,1.1337090921118962e-08
53,3,0.0001,0.3,True,False,True,1,1147,9.048669779919765e-09
54,3,0.0001,0.3,True,False,True,2,1199,2.178873122964743e-08
55,3,0.0001,0.3,True,False,True,3,1199,2.86231089441839e-08
56,3,0.0001,0.3,True,True,False,0,237,2.6327635322462323e-06
57,3,0.0001,0.3,True,True,False,1,175,1.4971861164159142e-06
58,3,0.0001,0.3,True,True,False,2,430,5.4687939883618345e-06
59,3,0.0001,0.3,True,True,False,3,256,9.00234883724756e-06
60,3,0.0001,0.3,True,True,True,0,1199,2.1308448829435833e-08
61,3,0.0001,0.3,True,True,True,1,1199,2.4003675492282357e-08
62,3,0.0001,0.3,True,True,True,2,1199,1.8240946887771765e-08
63,3,0.0001,0.3,True,True,True,3,1199,1.7571665741269044e-08
64,3,0.0001,0.4,False,False,False,0,834,0.0001218716508376
65,3,0.0001,0.4,False,False,False,1,1012,5.199241007656442e-05
66,3,0.0001,0.4,False,False,False,2,156,6.847747103604523e-05
67,3,0.0001,0.4,False,False,False,3,431,9.480432343008174e-05
68,3,0.0001,0.4,False,False,True,0,1199,1.0696985153416052e-05
69,3,0.0001,0.4,False,False,True,1,1199,7.438315094663365e-06
70,3,0.0001,0.4,False,False,True,2,1199,3.2174106096910037e-06
71,3,0.0001,0.4,False,False,True,3,1199,2.559127828251001e-05
72,3,0.0001,0.4,False,True,False,0,151,1.2677444360781934e-06
73,3,0.0001,0.4,False,True,False,1,318,8.920405164615668e-06
74,3,0.0001,0.4,False,True,False,2,556,1.1051589132237246e-05
75,3,0.0001,0.4,False,True,False,3,187,5.380510976506803e-06
76,3,0.0001,0.4,False,True,True,0,1199,9.086086577553424e-06
77,3,0.0001,0.4,False,True,True,1,1199,1.8114100573272436e-06
78,3,0.0001,0.4,False,True,True,2,1199,1.663033159539582e-05
79,3,0.0001,0.4,False,True,True,3,1199,2.135649709496518e-05
80,3,0.0001,0.4,True,False,False,0,212,4.67001741274128e-06
81,3,0.0001,0.4,True,False,False,1,192,4.619171469411988e-06
82,3,0.0001,0.4,True,False,False,2,233,5.809979356852422e-06
83,3,0.0001,0.4,True,False,False,3,419,3.498235389223142e-06
84,3,0.0001,0.4,True,False,True,0,1199,2.429169457210714e-08
85,3,0.0001,0.4,True,False,True,1,1199,3.6895700597104665e-08
86,3,0.0001,0.4,True,False,True,2,1199,1.0709867187757812e-08
87,3,0.0001,0.4,True,False,True,3,1199,2.6164119001944993e-08
88,3,0.0001,0.4,True,True,False,0,212,5.961256437035692e-06
89,3,0.0001,0.4,True,True,False,1,305,6.235312747950337e-07
90,3,0.0001,0.4,True,True,False,2,319,4.693564182423551e-06
91,3,0.0001,0.4,True,True,False,3,142,1.674115616476698e-06
92,3,0.0001,0.4,True,True,True,0,1199,4.1351645497807544e-08
93,3,0.0001,0.4,True,True,True,1,1199,3.5880711113336045e-08
94,3,0.0001,0.4,True,True,True,2,1184,3.491003969831674e-08
95,3,0.0001,0.4,True,True,True,3,1199,1.9166791569528882e-08
96,3,0.0001,0.5,False,False,False,0,804,0.0004337998468547
97,3,0.0001,0.5,False,False,False,1,180,6.513981803617908e-06
98,3,0.0001,0.5,False,False,False,2,1199,0.0002664681192663
99,3,0.0001,0.5,False,False,False,3,165,0.000122897258519
100,3,0.0001,0.5,False,False,True,0,1199,7.897567271263468e-05
101,3,0.0001,0.5,False,False,True,1,1199,5.014290401366371e-06
102,3,0.0001,0.5,False,False,True,2,1199,2.6185293870168026e-06
103,3,0.0001,0.5,False,False,True,3,1199,1.2648357164053006e-05
104,3,0.0001,0.5,False,True,False,0,195,7.156277389888604e-06
105,3,0.0001,0.5,False,True,False,1,183,4.4977060726911325e-06
106,3,0.0001,0.5,False,True,False,2,301,5.998389834748305e-06
107,3,0.0001,0.5,False,True,False,3,995,1.135538338849475e-05
108,3,0.0001,0.5,False,True,True,0,1199,1.667149636419608e-05
109,3,0.0001,0.5,False,True,True,1,1199,9.983754503619592e-05
110,3,0.0001,0.5,False,True,True,2,1199,1.6843209169277187e-06
111,3,0.0001,0.5,False,True,True,3,1199,4.168330417536e-05
112,3,0.0001,0.5,True,False,False,0,316,1.7326697160406525e-05
113,3,0.0001,0.5,True,False,False,1,215,1.0429918300447327e-05
114,3,0.0001,0.5,True,False,False,2,279,5.970403792123448e-07
115,3,0.0001,0.5,True,False,False,3,191,2.604191992052052e-06
116,3,0.0001,0.5,True,False,True,0,1199,4.0578443205232225e-08
117,3,0.0001,0.5,True,False,True,1,1199,1.8478791889230712e-08
118,3,0.0001,0.5,True,False,True,2,1199,1.639646039029376e-08
119,3,0.0001,0.5,True,False,True,3,1199,3.5802959748443656e-08
120,3,0.0001,0.5,True,True,False,0,182,2.2007870109192864e-06
121,3,0.0001,0.5,True,True,False,1,229,3.863135625461444e-06
122,3,0.0001,0.5,True,True,False,2,218,8.007330297386275e-06
123,3,0.0001,0.5,True,True,False,3,277,4.792359233087751e-06
124,3,0.0001,0.5,True,True,True,0,1199,5.5074869604077504e-08
125,3,0.0001,0.5,True,True,True,1,1199,2.8362692993819573e-08
126,3,0.0001,0.5,True,True,True,2,1199,6.337958100562282e-08
127,3,0.0001,0.5,True,True,True,3,1199,3.433513863621735e-08
128,3,0.001,0.2,False,False,False,0,227,3.561939787601528e-05
129,3,0.001,0.2,False,False,False,1,276,6.416360026871711e-05
130,3,0.001,0.2,False,False,False,2,545,0.000152098044519
131,3,0.001,0.2,False,False,False,3,311,6.537122092076606e-05
132,3,0.001,0.2,False,False,True,0,1199,4.5020978696499934e-05
133,3,0.001,0.2,False,False,True,1,1199,1.3897822737957383e-05
134,3,0.001,0.2,False,False,True,2,1199,2.3462883267671805e-05
135,3,0.001,0.2,False,False,True,3,1199,1.7810828894953615e-05
136,3,0.001,0.2,False,True,False,0,162,3.651759213390586e-05
137,3,0.001,0.2,False,True,False,1,267,5.19082876233784e-05
138,3,0.001,0.2,False,True,False,2,258,4.327014056189969e-05
139,3,0.001,0.2,False,True,False,3,241,5.076560453627447e-05
140,3,0.001,0.2,False,True,True,0,1199,6.216593452264469e-06
141,3,0.001,0.2,False,True,True,1,1199,2.710377914905028e-06
142,3,0.001,0.2,False,True,True,2,1199,9.298883106301848e-07
143,3,0.001,0.2,False,True,True,3,1199,7.532353195265715e-07
144,3,0.001,0.2,True,False,False,0,347,5.007427051778793e-05
145,3,0.001,0.2,True,False,False,1,223,9.859114606437448e-06
146,3,0.001,0.2,True,False,False,2,184,2.9081409535116145e-05
147,3,0.001,0.2,True,False,False,3,195,0.000115420049988
148,3,0.001,0.2,True,False,True,0,1199,3.549970147494948e-07
149,3,0.001,0.2,True,False,True,1,1199,1.3916361705345805e-07
150,3,0.001,0.2,True,False,True,2,1199,2.6293788468750604e-07
151,3,0.001,0.2,True,False,True,3,1199,2.809127061529002e-07
152,3,0.001,0.2,True,True,False,0,168,2.3020097316362915e-05
153,3,0.001,0.2,True,True,False,1,262,5.889993929109024e-05
154,3,0.001,0.2,True,True,False,2,187,6.28202918651854e-05
155,3,0.001,0.2,True,True,False,3,192,3.753901617384466e-05
156,3,0.001,0.2,True,True,True,0,1199,1.999669060253831e-07
157,3,0.001,0.2,True,True,True,1,1199,2.140846405574385e-07
158,3,0.001,0.2,True,True,True,2,1070,5.239960053551331e-07
159,3,0.001,0.2,True,True,True,3,1199,5.345372810152964e-07
160,3,0.001,0.3,False,False,False,0,584,1.8036133239719345e-05
161,3,0.001,0.3,False,False,False,1,332,2.657484746742465e-05
162,3,0.001,0.3,False,False,False,2,222,4.299047948762325e-05
163,3,0.001,0.3,False,False,False,3,444,4.178935016015982e-05
164,3,0.001,0.3,False,False,True,0,1199,1.063362575282164e-05
165,3,0.001,0.3,False,False,True,1,1199,2.3965449720107395e-06
166,3,0.001,0.3,False,False,True,2,1199,1.742344380372835e-06
167,3,0.001,0.3,False,False,True,3,1199,6.002705274392737e-06
168,3,0.001,0.3,False,True,False,0,208,3.98618893815871e-05
169,3,0.001,0.3,False,True,False,1,408,5.897906692769415e-05
170,3,0.001,0.3,False,True,False,2,245,3.453217841231427e-05
171,3,0.001,0.3,False,True,False,3,348,4.285978439118606e-06
172,3,0.001,0.3,False,True,True,0,1199,8.27176200514913e-06
173,3,0.001,0.3,False,True,True,1,1199,3.665966640776063e-06
174,3,0.001,0.3,False,True,True,2,1199,5.881377053734542e-07
175,3,0.001,0.3,False,True,True,3,1199,2.0040456202030496e-05
176,3,0.001,0.3,True,False,False,0,169,5.6280686889726686e-06
177,3,0.001,0.3,True,False,False,1,240,7.819363070036684e-05
178,3,0.001,0.3,True,False,False,2,167,3.38690171278716e-05
179,3,0.001,0.3,True,False,False,3,208,3.5522778866748545e-05
180,3,0.001,0.3,True,False,True,0,1199,3.377447765296706e-07
181,3,0.001,0.3,True,False,True,1,1199,1.5190525604149356e-07
182,3,0.001,0.3,True,False,True,2,1199,3.049115475990509e-07
183,3,0.001,0.3,True,False,True,3,1199,3.1309671108310574e-07
184,3,0.001,0.3,True,True,False,0,205,3.5070059750166906e-05
185,3,0.001,0.3,True,True,False,1,238,3.320635938357372e-05
186,3,0.001,0.3,True,True,False,2,209,3.905361110730509e-05
187,3,0.001,0.3,True,True,False,3,212,7.085783886751041e-05
188,3,0.001,0.3,True,True,True,0,1199,3.0453656051931655e-07
189,3,0.001,0.3,True,True,True,1,1199,7.259958701011135e-08
190,3,0.001,0.3,True,True,True,2,1199,3.294152660892881e-07
191,3,0.001,0.3,True,True,True,3,1199,5.075849070263703e-07
192,3,0.001,0.4,False,False,False,0,892,0.0001081151871176
193,3,0.001,0.4,False,False,False,1,281,8.025949943287862e-05
194,3,0.001,0.4,False,False,False,2,722,0.0001070444572515
195,3,0.001,0.4,False,False,False,3,501,3.078456164594109e-05
196,3,0.001,0.4,False,False,True,0,1140,8.144486168209816e-06
197,3,0.001,0.4,False,False,True,1,1199,1.060703534260375e-05
198,3,0.001,0.4,False,False,True,2,1199,9.9597789014585e-06
199,3,0.001,0.4,False,False,True,3,1199,1.1826699926532348e-05
200,3,0.001,0.4,False,True,False,0,212,5.073874226015941e-05
201,3,0.001,0.4,False,True,False,1,269,1.132589130387662e-05
202,3,0.001,0.4,False,True,False,2,528,2.68073322941198e-05
203,3,0.001,0.4,False,True,False,3,237,1.300628819864715e-05
204,3,0.001,0.4,False,True,True,0,1199,3.925761065383445e-06
205,3,0.001,0.4,False,True,True,1,1199,8.006074454273595e-07
206,3,0.001,0.4,False,True,True,2,1199,6.035588438323391e-06
207,3,0.001,0.4,False,True,True,3,1199,7.47238600664331e-07
208,3,0.001,0.4,True,False,False,0,276,1.772964547125234e-05
209,3,0.001,0.4,True,False,False,1,177,1.300575134415525e-05
210,3,0.001,0.4,True,False,False,2,274,4.099035790054081e-05
211,3,0.001,0.4,True,False,False,3,230,7.317435790939738e-05
212,3,0.001,0.4,True,False,True,0,1016,1.91171943852052e-07
213,3,0.001,0.4,True,False,True,1,1199,6.787646282426229e-07
214,3,0.001,0.4,True,False,True,2,1199,7.772061967407114e-07
215,3,0.001,0.4,True,False,True,3,1199,2.2528151973634755e-07
216,3,0.001,0.4,True,True,False,0,437,4.777160247651903e-05
217,3,0.001,0.4,True,True,False,1,220,5.446803525468981e-05
218,3,0.001,0.4,True,True,False,2,293,6.696131397351639e-05
219,3,0.001,0.4,True,True,False,3,235,0.0001144083713072
220,3,0.001,0.4,True,True,True,0,1199,1.7675792665159036e-07
221,3,0.001,0.4,True,True,True,1,1199,3.088572053213572e-07
222,3,0.001,0.4,True,True,True,2,1199,4.921615235525464e-07
223,3,0.001,0.4,True,True,True,3,1199,5.543400764976755e-07
224,3,0.001,0.5,False,False,False,0,571,2.885817973250116e-05
225,3,0.001,0.5,False,False,False,1,762,0.0001451171062997
226,3,0.001,0.5,False,False,False,2,152,5.252245277908975e-05
227,3,0.001,0.5,False,False,False,3,467,9.965286734637212e-05
228,3,0.001,0.5,False,False,True,0,1199,3.2401206323616577e-06
229,3,0.001,0.5,False,False,True,1,1199,1.5415225897168945e-05
230,3,0.001,0.5,False,False,True,2,1199,1.1524462586419845e-05
231,3,0.001,0.5,False,False,True,3,1199,1.829585072702936e-06
232,3,0.001,0.5,False,True,False,0,178,2.254371450836873e-05
233,3,0.001,0.5,False,True,False,1,183,4.323919091062033e-05
234,3,0.001,0.5,False,True,False,2,156,1.9015463944865005e-05
235,3,0.001,0.5,False,True,False,3,196,2.911718739791021e-05
236,3,0.001,0.5,False,True,True,0,1199,7.19757850934725e-06
237,3,0.001,0.5,False,True,True,1,1199,1.1153044005535411e-05
238,3,0.001,0.5,False,True,True,2,1199,1.233004532619538e-06
239,3,0.001,0.5,False,True,True,3,1192,7.572753123410198e-07
240,3,0.001,0.5,True,False,False,0,165,8.247906109278485e-05
241,3,0.001,0.5,True,False,False,1,163,3.529701763977623e-05
242,3,0.001,0.5,True,False,False,2,168,3.1832595471496835e-05
243,3,0.001,0.5,True,False,False,3,190,4.508432508392459e-05
244,3,0.001,0.5,True,False,True,0,1199,6.755267738239236e-07
245,3,0.001,0.5,True,False,True,1,1199,1.4976941584607436e-07
246,3,0.001,0.5,True,False,True,2,1068,6.31972597013972e-07
247,3,0.001,0.5,True,False,True,3,1199,2.075759355463861e-07
248,3,0.001,0.5,True,True,False,0,245,6.691383993445524e-05
249,3,0.001,0.5,True,True,False,1,240,7.777895125843812e-05
250,3,0.001,0.5,True,True,False,2,314,4.200368127589611e-05
251,3,0.001,0.5,True,True,False,3,295,0.0001495568588702
252,3,0.001,0.5,True,True,True,0,817,1.118549256562475e-06
253,3,0.001,0.5,True,True,True,1,1199,6.940176829758575e-07
254,3,0.001,0.5,True,True,True,2,1199,9.220036067087744e-07
255,3,0.001,0.5,True,True,True,3,1199,5.146897569205559e-07
256,3,1e-05,0.2,False,False,False,0,498,9.731192191222656e-05
257,3,1e-05,0.2,False,False,False,1,703,0.0001345899618744
258,3,1e-05,0.2,False,False,False,2,354,8.342296023482176e-06
259,3,1e-05,0.2,False,False,False,3,386,8.34949862991755e-06
260,3,1e-05,0.2,False,False,True,0,1199,2.98560797055678e-05
261,3,1e-05,0.2,False,False,True,1,1199,2.4318248685076777e-05
262,3,1e-05,0.2,False,False,True,2,1199,1.867741768402318e-05
263,3,1e-05,0.2,False,False,True,3,1199,2.091380297132512e-05
264,3,1e-05,0.2,False,True,False,0,330,1.7876645581597883e-06
265,3,1e-05,0.2,False,True,False,1,1199,4.621346104058748e-05
266,3,1e-05,0.2,False,True,False,2,234,1.3087240866615853e-05
267,3,1e-05,0.2,False,True,False,3,755,2.4240993269594312e-05
268,3,1e-05,0.2,False,True,True,0,1199,0.0001532588025843
269,3,1e-05,0.2,False,True,True,1,1199,3.461174125103091e-05
270,3,1e-05,0.2,False,True,True,2,1199,3.4031151159659523e-05
271,3,1e-05,0.2,False,True,True,3,1199,0.0001126648048403
272,3,1e-05,0.2,True,False,False,0,233,1.294222900161688e-07
273,3,1e-05,0.2,True,False,False,1,168,4.314094942609066e-07
274,3,1e-05,0.2,True,False,False,2,179,8.807798401256002e-07
275,3,1e-05,0.2,True,False,False,3,173,2.624907678661055e-07
276,3,1e-05,0.2,True,False,True,0,1199,1.8521288712902535e-09
277,3,1e-05,0.2,True,False,True,1,1199,4.910032303213193e-09
278,3,1e-05,0.2,True,False,True,2,1199,6.0863132613734725e-09
279,3,1e-05,0.2,True,False,True,3,1199,2.33000427591764e-09
280,3,1e-05,0.2,True,True,False,0,358,3.3158417598210586e-07
281,3,1e-05,0.2,True,True,False,1,185,5.567901632494802e-07
282,3,1e-05,0.2,True,True,False,2,227,1.016148957725761e-07
283,3,1e-05,0.2,True,True,False,3,168,4.498140819921768e-07
284,3,1e-05,0.2,True,True,True,0,1199,8.555463359990437e-09
285,3,1e-05,0.2,True,True,True,1,1199,3.133627897270045e-09
286,3,1e-05,0.2,True,True,True,2,1199,1.559819492480702e-09
287,3,1e-05,0.2,True,True,True,3,1199,3.128899949814691e-09
288,3,1e-05,0.3,False,False,False,0,685,5.875286759651152e-05
289,3,1e-05,0.3,False,False,False,1,245,4.459760692134783e-05
290,3,1e-05,0.3,False,False,False,2,256,0.0001374543717447
291,3,1e-05,0.3,False,False,False,3,1199,1.0675005914262476e-05
292,3,1e-05,0.3,False,False,True,0,1199,1.4903041367862805e-06
293,3,1e-05,0.3,False,False,True,1,1199,1.0029261272935968e-05
294,3,1e-05,0.3,False,False,True,2,1199,1.1205646475802712e-05
295,3,1e-05,0.3,False,False,True,3,1199,2.8870138074630296e-06
296,3,1e-05,0.3,False,True,False,0,264,3.929453018703032e-07
297,3,1e-05,0.3,False,True,False,1,192,6.794616806155644e-07
298,3,1e-05,0.3,False,True,False,2,449,1.0550454304748023e-06
299,3,1e-05,0.3,False,True,False,3,546,2.181122606285791e-05
300,3,1e-05,0.3,False,True,True,0,1199,8.835505940373768e-06
301,3,1e-05,0.3,False,True,True,1,1199,3.264870139388462e-05
302,3,1e-05,0.3,False,True,True,2,1199,2.5830050356211863e-06
303,3,1e-05,0.3,False,True,True,3,1199,4.852242551305273e-05
304,3,1e-05,0.3,True,False,False,0,154,4.2202108223380097e-07
305,3,1e-05,0.3,True,False,False,1,241,4.3171014663200373e-07
306,3,1e-05,0.3,True,False,False,2,140,2.252623300122343e-07
307,3,1e-05,0.3,True,False,False,3,237,5.265682938783792e-07
308,3,1e-05,0.3,True,False,True,0,1199,1.9540971753169e-09
309,3,1e-05,0.3,True,False,True,1,1199,2.969381517607785e-09
310,3,1e-05,0.3,True,False,True,2,1199,2.1718774247238012e-09
311,3,1e-05,0.3,True,False,True,3,1199,2.6541466276149e-09
312,3,1e-05,0.3,True,True,False,0,189,1.3898563000286213e-07
313,3,1e-05,0.3,True,True,False,1,225,7.42447583298195e-08
314,3,1e-05,0.3,True,True,False,2,481,4.252934034458565e-07
315,3,1e-05,0.3,True,True,False,3,224,4.38820487123184e-08
316,3,1e-05,0.3,True,True,True,0,1199,1.4841085078338468e-09
317,3,1e-05,0.3,True,True,True,1,1199,6.6002301746953665e-09
318,3,1e-05,0.3,True,True,True,2,1199,1.5084605553544941e-09
319,3,1e-05,0.3,True,True,True,3,1199,7.609180840011512e-09
320,3,1e-05,0.4,False,False,False,0,486,4.4610101130740685e-05
321,3,1e-05,0.4,False,False,False,1,1193,4.597784768323978e-05
322,3,1e-05,0.4,False,False,False,2,1199,0.000238527942765
323,3,1e-05,0.4,False,False,False,3,260,2.514376259120174e-05
324,3,1e-05,0.4,False,False,True,0,1199,2.7010182817974308e-05
325,3,1e-05,0.4,False,False,True,1,1199,2.5898514231620124e-05
326,3,1e-05,0.4,False,False,True,2,1199,9.455855752346851e-06
327,3,1e-05,0.4,False,False,True,3,1199,3.264621973263607e-05
328,3,1e-05,0.4,False,True,False,0,415,1.9448567755557025e-06
329,3,1e-05,0.4,False,True,False,1,1008,5.810103017210791e-06
330,3,1e-05,0.4,False,True,False,2,322,6.105024242881385e-06
331,3,1e-05,0.4,False,True,False,3,154,2.796409776661309e-06
332,3,1e-05,0.4,False,True,True,0,1199,2.6422855366907784e-06
333,3,1e-05,0.4,False,True,True,1,1199,1.302001437355248e-05
334,3,1e-05,0.4,False,True,True,2,1199,4.4213250087651046e-05
335,3,1e-05,0.4,False,True,True,3,1199,1.8155812871243417e-06
336,3,1e-05,0.4,True,False,False,0,140,5.1307416557764e-07
337,3,1e-05,0.4,True,False,False,1,160,2.6667152081895105e-07
338,3,1e-05,0.4,True,False,False,2,127,9.052778552368556e-07
339,3,1e-05,0.4,True,False,False,3,313,2.4148967687237825e-07
340,3,1e-05,0.4,True,False,True,0,1199,8.130059887590814e-10
341,3,1e-05,0.4,True,False,True,1,1199,2.3200356253845038e-09
342,3,1e-05,0.4,True,False,True,2,1199,3.947069987616104e-10
343,3,1e-05,0.4,True,False,True,3,1162,3.9521169759024616e-09
344,3,1e-05,0.4,True,True,False,0,190,6.997422561483359e-07
345,3,1e-05,0.4,True,True,False,1,188,2.2616036352307882e-07
346,3,1e-05,0.4,True,True,False,2,204,1.787788830369929e-07
347,3,1e-05,0.4,True,True,False,3,468,4.23241328388737e-07
348,3,1e-05,0.4,True,True,True,0,1199,1.943266713411073e-09
349,3,1e-05,0.4,True,True,True,1,1190,2.594269476613312e-09
350,3,1e-05,0.4,True,True,True,2,1199,7.1850294742161895e-09
351,3,1e-05,0.4,True,True,True,3,1199,3.246252762920122e-09
352,3,1e-05,0.5,False,False,False,0,491,6.238385639053187e-05
353,3,1e-05,0.5,False,False,False,1,1199,3.5745801504390246e-05
354,3,1e-05,0.5,False,False,False,2,150,0.0001097661379696
355,3,1e-05,0.5,False,False,False,3,1199,0.0001168048962839
356,3,1e-05,0.5,False,False,True,0,1199,9.599717684685904e-06
357,3,1e-05,0.5,False,False,True,1,1199,4.46788162455448e-05
358,3,1e-05,0.5,False,False,True,2,1199,5.637370698477491e-06
359,3,1e-05,0.5,False,False,True,3,1199,0.0001402530395133
360,3,1e-05,0.5,False,True,False,0,562,5.111162534845072e-06
361,3,1e-05,0.5,False,True,False,1,153,1.7489459982722875e-06
362,3,1e-05,0.5,False,True,False,2,179,1.1499147332444726e-05
363,3,1e-05,0.5,False,True,False,3,1199,7.139565164624877e-05
364,3,1e-05,0.5,False,True,True,0,1199,4.929014601117984e-07
365,3,1e-05,0.5,False,True,True,1,1199,1.5378692867333027e-05
366,3,1e-05,0.5,False,True,True,2,1199,2.5184944848073694e-05
367,3,1e-05,0.5,False,True,True,3,1199,0.0001991918843646
368,3,1e-05,0.5,True,False,False,0,153,4.018823515232205e-07
369,3,1e-05,0.5,True,False,False,1,178,7.627495270585978e-07
370,3,1e-05,0.5,True,False,False,2,138,7.002862826644517e-07
371,3,1e-05,0.5,True,False,False,3,197,1.2396526526974736e-06
372,3,1e-05,0.5,True,False,True,0,1121,3.99273447803039e-09
373,3,1e-05,0.5,True,False,True,1,1199,1.246230148509464e-09
374,3,1e-05,0.5,True,False,True,2,1199,1.9045046126591084e-09
375,3,1e-05,0.5,True,False,True,3,1095,2.2520419582346788e-09
376,3,1e-05,0.5,True,True,False,0,212,1.0195579293874704e-07
377,3,1e-05,0.5,True,True,False,1,217,1.410434447093008e-07
378,3,1e-05,0.5,True,True,False,2,187,2.546319133678026e-07
379,3,1e-05,0.5,True,True,False,3,152,6.321962210184215e-07
380,3,1e-05,0.5,True,True,True,0,1199,2.704124110794614e-09
381,3,1e-05,0.5,True,True,True,1,1199,1.5794438912595233e-08
382,3,1e-05,0.5,True,True,True,2,1199,9.008311791929504e-09
383,3,1e-05,0.5,True,True,True,3,1199,3.705166065939849e-09
384,6,0.0001,0.2,False,False,False,0,381,9.895087602302492e-06
385,6,0.0001,0.2,False,False,False,1,689,2.594366997637001e-05
386,6,0.0001,0.2,False,False,False,2,587,0.00010202113598
387,6,0.0001,0.2,False,False,False,3,406,5.666479082342004e-06
388,6,0.0001,0.2,False,False,True,0,1199,4.01120553993102e-05
389,6,0.0001,0.2,False,False,True,1,1199,1.4702353350592666e-05
390,6,0.0001,0.2,False,False,True,2,1199,8.714664510074403e-06
391,6,0.0001,0.2,False,False,True,3,1199,4.2821450486541085e-05
392,6,0.0001,0.2,False,True,False,0,221,7.294476861509563e-06
393,6,0.0001,0.2,False,True,False,1,714,2.026300517028632e-05
394,6,0.0001,0.2,False,True,False,2,153,2.8328582449446577e-05
395,6,0.0001,0.2,False,True,False,3,186,2.959326986089933e-05
396,6,0.0001,0.2,False,True,True,0,1199,3.952432468469679e-06
397,6,0.0001,0.2,False,True,True,1,1199,2.347999367142508e-07
398,6,0.0001,0.2,False,True,True,2,1199,2.089571849168457e-06
399,6,0.0001,0.2,False,True,True,3,1199,2.0515030432443185e-07
400,6,0.0001,0.2,True,False,False,0,273,2.4848685223821983e-06
401,6,0.0001,0.2,True,False,False,1,244,2.680210859170313e-06
402,6,0.0001,0.2,True,False,False,2,167,4.752543146703961e-06
403,6,0.0001,0.2,True,False,False,3,263,1.8845005709177704e-06
404,6,0.0001,0.2,True,False,True,0,1199,1.3606256861846858e-07
405,6,0.0001,0.2,True,False,True,1,1199,9.238267426989533e-08
406,6,0.0001,0.2,True,False,True,2,1199,9.799124000530517e-08
407,6,0.0001,0.2,True,False,True,3,1199,2.451410290905818e-07
408,6,0.0001,0.2,True,True,False,0,207,7.130727031232395e-06
409,6,0.0001,0.2,True,True,False,1,277,6.375829771211533e-06
410,6,0.0001,0.2,True,True,False,2,176,1.687431353837137e-06
411,6,0.0001,0.2,True,True,False,3,179,3.004433217075958e-06
412,6,0.0001,0.2,True,True,True,0,1199,4.6989367725109165e-08
413,6,0.0001,0.2,True,True,True,1,1199,2.1974596601325958e-08
414,6,0.0001,0.2,True,True,True,2,1199,3.9601556838539024e-08
415,6,0.0001,0.2,True,True,True,3,1199,2.0394899483389453e-08
416,6,0.0001,0.3,False,False,False,0,230,5.864246993869299e-05
417,6,0.0001,0.3,False,False,False,1,450,1.502565476896444e-05
418,6,0.0001,0.3,False,False,False,2,438,2.9413303450057363e-05
419,6,0.0001,0.3,False,False,False,3,261,3.0151876454818003e-06
420,6,0.0001,0.3,False,False,True,0,1199,4.864291662656415e-06
421,6,0.0001,0.3,False,False,True,1,1199,3.494174815773803e-06
422,6,0.0001,0.3,False,False,True,2,1199,3.848473336744278e-06
423,6,0.0001,0.3,False,False,True,3,1199,7.244646589931198e-06
424,6,0.0001,0.3,False,True,False,0,931,2.528022922957769e-05
425,6,0.0001,0.3,False,True,False,1,215,3.0227481346338904e-05
426,6,0.0001,0.3,False,True,False,2,621,4.2126064982317456e-05
427,6,0.0001,0.3,False,True,False,3,185,8.32662773736618e-06
428,6,0.0001,0.3,False,True,True,0,1199,7.909066335017687e-06
429,6,0.0001,0.3,False,True,True,1,1199,5.912206388407147e-06
430,6,0.0001,0.3,False,True,True,2,1199,1.5483499600361817e-05
431,6,0.0001,0.3,False,True,True,3,1199,2.3238356263842543e-06
432,6,0.0001,0.3,True,False,False,0,188,5.091210672073315e-06
433,6,0.0001,0.3,True,False,False,1,289,6.383947496978387e-06
434,6,0.0001,0.3,True,False,False,2,244,2.415197885297869e-06
435,6,0.0001,0.3,True,False,False,3,177,3.2809598505563243e-06
436,6,0.0001,0.3,True,False,True,0,1199,1.9069363210282467e-08
437,6,0.0001,0.3,True,False,True,1,1199,1.40450381285048e-08
438,6,0.0001,0.3,True,False,True,2,1199,9.985343365603848e-09
439,6,0.0001,0.3,True,False,True,3,1199,1.2777450332913352e-08
440,6,0.0001,0.3,True,True,False,0,243,5.39640285310303e-06
441,6,0.0001,0.3,True,True,False,1,233,1.5635644044719011e-06
442,6,0.0001,0.3,True,True,False,2,176,7.329798083691781e-06
443,6,0.0001,0.3,True,True,False,3,159,5.485487653976728e-06
444,6,0.0001,0.3,True,True,True,0,1199,3.3533698903866526e-08
445,6,0.0001,0.3,True,True,True,1,1199,2.844799835587955e-08
446,6,0.0001,0.3,True,True,True,2,1199,2.2951626401439853e-08
447,6,0.0001,0.3,True,True,True,3,1199,5.531724068614535e-08
448,6,0.0001,0.4,False,False,False,0,814,5.406533669749168e-05
449,6,0.0001,0.4,False,False,False,1,337,0.000101766328965
450,6,0.0001,0.4,False,False,False,2,613,4.197647294896592e-05
451,6,0.0001,0.4,False,False,False,3,238,2.69379095560546e-06
452,6,0.0001,0.4,False,False,True,0,1199,2.224316861881225e-06
453,6,0.0001,0.4,False,False,True,1,1199,8.595730516753173e-06
454,6,0.0001,0.4,False,False,True,2,1199,2.13527272295987e-05
455,6,0.0001,0.4,False,False,True,3,1199,1.5042368599175172e-06
456,6,0.0001,0.4,False,True,False,0,537,5.660645297813869e-06
457,6,0.0001,0.4,False,True,False,1,380,3.887245620456322e-06
458,6,0.0001,0.4,False,True,False,2,1199,3.8052154377116025e-05
459,6,0.0001,0.4,False,True,False,3,316,7.332205920757756e-06
460,6,0.0001,0.4,False,True,True,0,1199,3.112560376156372e-05
461,6,0.0001,0.4,False,True,True,1,1199,8.596355989993238e-07
462,6,0.0001,0.4,False,True,True,2,1199,1.1977808585112293e-06
463,6,0.0001,0.4,False,True,True,3,1199,5.42137173776568e-06
464,6,0.0001,0.4,True,False,False,0,234,1.6607961639299033e-06
465,6,0.0001,0.4,True,False,False,1,136,4.07569781815169e-06
466,6,0.0001,0.4,True,False,False,2,237,6.4107470850749394e-06
467,6,0.0001,0.4,True,False,False,3,148,9.8645754300237e-06
468,6,0.0001,0.4,True,False,True,0,1023,7.856837921067925e-09
469,6,0.0001,0.4,True,False,True,1,1199,3.9432998960749634e-08
470,6,0.0001,0.4,True,False,True,2,942,6.03049441695747e-08
471,6,0.0001,0.4,True,False,True,3,1154,3.705588779827173e-08
472,6,0.0001,0.4,True,True,False,0,271,2.248276226528108e-06
473,6,0.0001,0.4,True,True,False,1,195,3.5571410388282223e-06
474,6,0.0001,0.4,True,True,False,2,268,5.493062873188726e-06
475,6,0.0001,0.4,True,True,False,3,262,6.224836310352515e-06
476,6,0.0001,0.4,True,True,True,0,1199,1.1273680894549869e-07
477,6,0.0001,0.4,True,True,True,1,1199,5.163172480168941e-08
478,6,0.0001,0.4,True,True,True,2,1199,7.90931061628249e-08
479,6,0.0001,0.4,True,True,True,3,1199,1.513953744830037e-08
480,6,0.0001,0.5,False,False,False,0,235,5.487108895604945e-05
481,6,0.0001,0.5,False,False,False,1,1199,0.0002210801588874
482,6,0.0001,0.5,False,False,False,2,1199,0.0002163130264334
483,6,0.0001,0.5,False,False,False,3,322,0.0001289480085138
484,6,0.0001,0.5,False,False,True,0,1199,5.273334024689592e-05
485,6,0.0001,0.5,False,False,True,1,1199,2.396675106433668e-05
486,6,0.0001,0.5,False,False,True,2,1199,3.993301909541247e-06
487,6,0.0001,0.5,False,False,True,3,1199,1.684261577612151e-06
488,6,0.0001,0.5,False,True,False,0,200,9.464095277605615e-06
489,6,0.0001,0.5,False,True,False,1,592,3.975926718677391e-06
490,6,0.0001,0.5,False,True,False,2,202,4.217279051643235e-06
491,6,0.0001,0.5,False,True,False,3,1199,4.1509977527820725e-05
492,6,0.0001,0.5,False,True,True,0,1199,2.135156815564905e-05
493,6,0.0001,0.5,False,True,True,1,1199,4.593560678830072e-06
494,6,0.0001,0.5,False,True,True,2,1199,2.645464252639342e-06
495,6,0.0001,0.5,False,True,True,3,1199,1.286433830040536e-05
496,6,0.0001,0.5,True,False,False,0,163,3.803305486930909e-06
497,6,0.0001,0.5,True,False,False,1,139,6.407477098920533e-06
498,6,0.0001,0.5,True,False,False,2,177,1.1614881431023926e-05
499,6,0.0001,0.5,True,False,False,3,228,2.2608755510912527e-06
500,6,0.0001,0.5,True,False,True,0,1199,1.6998377192431353e-08
501,6,0.0001,0.5,True,False,True,1,1001,3.4395590530400584e-08
502,6,0.0001,0.5,True,False,True,2,1199,4.245126783324533e-09
503,6,0.0001,0.5,True,False,True,3,1199,4.0599275255148674e-08
504,6,0.0001,0.5,True,True,False,0,161,6.396192823950871e-06
505,6,0.0001,0.5,True,True,False,1,204,1.1991541103797982e-06
506,6,0.0001,0.5,True,True,False,2,269,5.003232161217539e-06
507,6,0.0001,0.5,True,True,False,3,185,2.142370142957793e-06
508,6,0.0001,0.5,True,True,True,0,1199,1.944174844644e-08
509,6,0.0001,0.5,True,True,True,1,1199,5.6218904221808625e-08
510,6,0.0001,0.5,True,True,True,2,1199,5.119476665027005e-08
511,6,0.0001,0.5,True,True,True,3,1199,1.5095450143641546e-08
512,6,0.001,0.2,False,False,False,0,314,9.857383254157864e-06
513,6,0.001,0.2,False,False,False,1,308,5.969175570566142e-06
514,6,0.001,0.2,False,False,False,2,410,9.132763700916616e-05
515,6,0.001,0.2,False,False,False,3,273,4.598386377106453e-05
516,6,0.001,0.2,False,False,True,0,1199,2.3810241500367197e-05
517,6,0.001,0.2,False,False,True,1,1199,1.3993860537397975e-05
518,6,0.001,0.2,False,False,True,2,1199,5.438167769009216e-05
519,6,0.001,0.2,False,False,True,3,1199,4.036090447772579e-05
520,6,0.001,0.2,False,True,False,0,246,3.0702704513146645e-05
521,6,0.001,0.2,False,True,False,1,233,4.143993534629429e-05
522,6,0.001,0.2,False,True,False,2,477,1.8750794869660576e-05
523,6,0.001,0.2,False,True,False,3,278,2.653618681702132e-05
524,6,0.001,0.2,False,True,True,0,566,2.7629033949219484e-06
525,6,0.001,0.2,False,True,True,1,1199,3.063810193258801e-06
526,6,0.001,0.2,False,True,True,2,1199,4.352200121983368e-06
527,6,0.001,0.2,False,True,True,3,1199,9.380411896496824e-07
528,6,0.001,0.2,True,False,False,0,309,6.316455376744442e-05
529,6,0.001,0.2,True,False,False,1,176,3.308772375827156e-05
530,6,0.001,0.2,True,False,False,2,432,3.178066289252561e-05
531,6,0.001,0.2,True,False,False,3,175,3.690709526543995e-05
532,6,0.001,0.2,True,False,True,0,1199,6.291748047245746e-07
533,6,0.001,0.2,True,False,True,1,1199,2.7555386943853124e-06
534,6,0.001,0.2,True,False,True,2,1199,4.93886334972816e-07
535,6,0.001,0.2,True,False,True,3,1199,3.412347714912873e-07
536,6,0.001,0.2,True,True,False,0,320,3.0506734230843648e-05
537,6,0.001,0.2,True,True,False,1,218,3.3018331011777295e-05
538,6,0.001,0.2,True,True,False,2,186,2.6231068434388957e-05
539,6,0.001,0.2,True,True,False,3,253,3.153783900521221e-05
540,6,0.001,0.2,True,True,True,0,1199,9.92816953510673e-08
541,6,0.001,0.2,True,True,True,1,1199,6.57025455221355e-07
542,6,0.001,0.2,True,True,True,2,1199,3.759775813988621e-07
543,6,0.001,0.2,True,True,True,3,1199,3.791436956913619e-07
544,6,0.001,0.3,False,False,False,0,416,3.6043008522329456e-05
545,6,0.001,0.3,False,False,False,1,356,2.719133394964292e-05
546,6,0.001,0.3,False,False,False,2,468,5.060819173430267e-05
547,6,0.001,0.3,False,False,False,3,232,2.4486312243303894e-05
548,6,0.001,0.3,False,False,True,0,1199,7.750516442699171e-06
549,6,0.001,0.3,False,False,True,1,1199,3.284263496842625e-06
550,6,0.001,0.3,False,False,True,2,1199,6.064185523310608e-06
551,6,0.001,0.3,False,False,True,3,1199,5.6738435516460844e-06
552,6,0.001,0.3,False,True,False,0,424,3.257269271927803e-05
553,6,0.001,0.3,False,True,False,1,276,2.7320898537897684e-05
554,6,0.001,0.3,False,True,False,2,177,3.462973367651803e-05
555,6,0.001,0.3,False,True,False,3,443,2.780543957699185e-05
556,6,0.001,0.3,False,True,True,0,1199,1.4498522220907051e-06
557,6,0.001,0.3,False,True,True,1,1199,1.930268078005116e-06
558,6,0.001,0.3,False,True,True,2,1199,5.837775198887532e-06
559,6,0.001,0.3,False,True,True,3,1199,1.2008936621824925e-05
560,6,0.001,0.3,True,False,False,0,172,4.166804312127656e-05
561,6,0.001,0.3,True,False,False,1,214,6.732707385802313e-05
562,6,0.001,0.3,True,False,False,2,184,4.117186073227878e-05
563,6,0.001,0.3,True,False,False,3,152,5.997925378577946e-05
564,6,0.001,0.3,True,False,True,0,1199,2.803994880319978e-07
565,6,0.001,0.3,True,False,True,1,1199,1.4238807218976438e-07
566,6,0.001,0.3,True,False,True,2,1199,4.568190011758613e-07
567,6,0.001,0.3,True,False,True,3,1199,3.271525665830808e-07
568,6,0.001,0.3,True,True,False,0,129,0.000123912937924
569,6,0.001,0.3,True,True,False,1,174,1.5425871723154858e-05
570,6,0.001,0.3,True,True,False,2,283,7.64428869897758e-05
571,6,0.001,0.3,True,True,False,3,159,4.478831220097946e-05
572,6,0.001,0.3,True,True,True,0,1117,1.9735205806190766e-07
573,6,0.001,0.3,True,True,True,1,1199,6.126117612378723e-07
574,6,0.001,0.3,True,True,True,2,1199,7.569598893880167e-07
575,6,0.001,0.3,True,True,True,3,1199,5.233990059650472e-07
576,6,0.001,0.4,False,False,False,0,381,0.0001526306847248
577,6,0.001,0.4,False,False,False,1,255,5.239531155843885e-05
578,6,0.001,0.4,False,False,False,2,217,3.4142171853661035e-05
579,6,0.001,0.4,False,False,False,3,264,7.728957713939122e-05
580,6,0.001,0.4,False,False,True,0,1199,8.211193485773796e-06
581,6,0.001,0.4,False,False,True,1,1199,1.1952206003135848e-05
582,6,0.001,0.4,False,False,True,2,1199,1.4919245736659203e-06
583,6,0.001,0.4,False,False,True,3,1199,3.363391740520973e-06
584,6,0.001,0.4,False,True,False,0,252,8.476778654242336e-06
585,6,0.001,0.4,False,True,False,1,382,3.986117806253073e-05
586,6,0.001,0.4,False,True,False,2,184,3.5071368017192035e-05
587,6,0.001,0.4,False,True,False,3,163,4.141615777094778e-05
588,6,0.001,0.4,False,True,True,0,1199,1.1202334456613469e-05
589,6,0.001,0.4,False,True,True,1,1063,9.147091141080746e-07
590,6,0.001,0.4,False,True,True,2,1199,9.301801646420587e-06
591,6,0.001,0.4,False,True,True,3,1199,4.444113471842816e-06
592,6,0.001,0.4,True,False,False,0,354,0.0001465426423846
593,6,0.001,0.4,True,False,False,1,218,1.1982060991590642e-05
594,6,0.001,0.4,True,False,False,2,157,3.065748191966534e-06
595,6,0.001,0.4,True,False,False,3,144,2.511766992121936e-05
596,6,0.001,0.4,True,False,True,0,1199,2.97673246024797e-07
597,6,0.001,0.4,True,False,True,1,1199,2.6169174700700744e-07
598,6,0.001,0.4,True,False,True,2,1199,5.950103733420904e-07
599,6,0.001,0.4,True,False,True,3,1199,1.8815774545233085e-07
600,6,0.001,0.4,True,True,False,0,210,7.516464665898146e-05
601,6,0.001,0.4,True,True,False,1,218,6.877669913169315e-05
602,6,0.001,0.4,True,True,False,2,345,0.0001011728231615
603,6,0.001,0.4,True,True,False,3,172,5.85452100772112e-05
604,6,0.001,0.4,True,True,True,0,1199,2.673738643901034e-07
605,6,0.001,0.4,True,True,True,1,1199,2.174323215180522e-07
606,6,0.001,0.4,True,True,True,2,1199,8.225735124875233e-07
607,6,0.001,0.4,True,True,True,3,1199,8.671950529241013e-07
608,6,0.001,0.5,False,False,False,0,210,2.0506951038732585e-05
609,6,0.001,0.5,False,False,False,1,216,5.724364133010183e-05
610,6,0.001,0.5,False,False,False,2,171,3.132249913167846e-05
611,6,0.001,0.5,False,False,False,3,492,6.510725983423107e-05
612,6,0.001,0.5,False,False,True,0,1199,1.2230159035144522e-06
613,6,0.001,0.5,False,False,True,1,1199,1.0577608782633107e-05
614,6,0.001,0.5,False,False,True,2,1199,1.1169920864742825e-06
615,6,0.001,0.5,False,False,True,3,1199,1.1956529434950664e-05
616,6,0.001,0.5,False,True,False,0,337,4.769706568335751e-05
617,6,0.001,0.5,False,True,False,1,172,1.976581205652933e-06
618,6,0.001,0.5,False,True,False,2,230,2.303070911688649e-05
619,6,0.001,0.5,False,True,False,3,263,8.531600304756242e-06
620,6,0.001,0.5,False,True,True,0,1199,2.389853394412748e-06
621,6,0.001,0.5,False,True,True,1,1199,1.8723445003217263e-06
622,6,0.001,0.5,False,True,True,2,1199,4.869744682881151e-07
623,6,0.001,0.5,False,True,True,3,1199,3.286419845701793e-06
624,6,0.001,0.5,True,False,False,0,126,0.0001355303046605
625,6,0.001,0.5,True,False,False,1,218,2.2076072486710268e-05
626,6,0.001,0.5,True,False,False,2,141,0.0001308009003291
627,6,0.001,0.5,True,False,False,3,191,4.997601337604397e-05
628,6,0.001,0.5,True,False,True,0,822,1.7999161416891835e-07
629,6,0.001,0.5,True,False,True,1,1080,1.83034444387762e-07
630,6,0.001,0.5,True,False,True,2,1199,3.0563614089772417e-07
631,6,0.001,0.5,True,False,True,3,933,5.11285066201383e-07
632,6,0.001,0.5,True,True,False,0,185,8.262467751023127e-05
633,6,0.001,0.5,True,True,False,1,189,5.326388540134097e-05
634,6,0.001,0.5,True,True,False,2,166,0.0001063586348203
635,6,0.001,0.5,True,True,False,3,280,2.182285172382061e-05
636,6,0.001,0.5,True,True,True,0,1199,4.356941905466119e-07
637,6,0.001,0.5,True,True,True,1,1199,3.127067672771301e-07
638,6,0.001,0.5,True,True,True,2,1199,1.0430824647389049e-06
639,6,0.001,0.5,True,True,True,3,1199,3.7233726822883003e-07
640,6,1e-05,0.2,False,False,False,0,534,4.180061119202302e-05
641,6,1e-05,0.2,False,False,False,1,439,1.9905499519571885e-05
642,6,1e-05,0.2,False,False,False,2,461,3.038605500925057e-05
643,6,1e-05,0.2,False,False,False,3,876,0.0001154280443785
644,6,1e-05,0.2,False,False,True,0,1199,2.021221913266633e-05
645,6,1e-05,0.2,False,False,True,1,1199,5.90484639205717e-05
646,6,1e-05,0.2,False,False,True,2,1199,4.476754193281755e-05
647,6,1e-05,0.2,False,False,True,3,1199,3.6126011585740464e-05
648,6,1e-05,0.2,False,True,False,0,341,2.046380847270641e-05
649,6,1e-05,0.2,False,True,False,1,377,3.0982158211856907e-06
650,6,1e-05,0.2,False,True,False,2,185,3.7773792710326255e-06
651,6,1e-05,0.2,False,True,False,3,481,4.268346081231701e-05
652,6,1e-05,0.2,False,True,True,0,1199,1.1440291563246356e-05
653,6,1e-05,0.2,False,True,True,1,1199,1.0385525678048294e-06
654,6,1e-05,0.2,False,True,True,2,1199,7.663271416915816e-06
655,6,1e-05,0.2,False,True,True,3,1199,1.0395706088730134e-06
656,6,1e-05,0.2,True,False,False,0,221,3.784201561233935e-07
657,6,1e-05,0.2,True,False,False,1,353,5.555438957899062e-07
658,6,1e-05,0.2,True,False,False,2,291,2.6085051803760666e-07
659,6,1e-05,0.2,True,False,False,3,182,6.436347901712993e-07
660,6,1e-05,0.2,True,False,True,0,1199,2.938511668945568e-07
661,6,1e-05,0.2,True,False,True,1,1199,1.8547403867138763e-08
662,6,1e-05,0.2,True,False,True,2,1199,5.448980426369775e-06
663,6,1e-05,0.2,True,False,True,3,1199,1.21566731850332e-07
664,6,1e-05,0.2,True,True,False,0,228,1.0394210339000933e-07
665,6,1e-05,0.2,True,True,False,1,240,1.339764572342686e-07
666,6,1e-05,0.2,True,True,False,2,212,3.631395627352387e-07
667,6,1e-05,0.2,True,True,False,3,202,3.518222847732473e-07
668,6,1e-05,0.2,True,True,True,0,1199,2.653150371501046e-09
669,6,1e-05,0.2,True,True,True,1,1199,3.561025246269861e-09
670,6,1e-05,0.2,True,True,True,2,1199,1.8759099943315864e-09
671,6,1e-05,0.2,True,True,True,3,1199,1.954594327514125e-09
672,6,1e-05,0.3,False,False,False,0,748,8.442472205083085e-05
673,6,1e-05,0.3,False,False,False,1,893,8.623631242127877e-05
674,6,1e-05,0.3,False,False,False,2,1009,5.524023651797436e-05
675,6,1e-05,0.3,False,False,False,3,868,0.0001477405964079
676,6,1e-05,0.3,False,False,True,0,1199,4.877956604327335e-06
677,6,1e-05,0.3,False,False,True,1,1199,3.983057145460044e-06
678,6,1e-05,0.3,False,False,True,2,1199,9.824526849598608e-06
679,6,1e-05,0.3,False,False,True,3,1199,1.7176942094002452e-05
680,6,1e-05,0.3,False,True,False,0,167,1.6302771921253005e-06
681,6,1e-05,0.3,False,True,False,1,1199,6.445892409736492e-06
682,6,1e-05,0.3,False,True,False,2,276,8.098588418244929e-07
683,6,1e-05,0.3,False,True,False,3,172,2.4632408077618387e-06
684,6,1e-05,0.3,False,True,True,0,1199,1.6083593246484454e-05
685,6,1e-05,0.3,False,True,True,1,1199,4.380964206636634e-07
686,6,1e-05,0.3,False,True,True,2,1199,8.023304014495455e-07
687,6,1e-05,0.3,False,True,True,3,1199,1.2216888383426455e-05
688,6,1e-05,0.3,True,False,False,0,159,2.594273439338802e-07
689,6,1e-05,0.3,True,False,False,1,156,3.982907953598951e-07
690,6,1e-05,0.3,True,False,False,2,229,6.177729622553976e-07
691,6,1e-05,0.3,True,False,False,3,200,6.084709470552508e-07
692,6,1e-05,0.3,True,False,True,0,1199,3.5037177550430804e-09
693,6,1e-05,0.3,True,False,True,1,1199,2.359902561026799e-09
694,6,1e-05,0.3,True,False,True,2,1199,1.932510901524623e-09
695,6,1e-05,0.3,True,False,True,3,1199,2.8215512537716446e-09
696,6,1e-05,0.3,True,True,False,0,158,3.813841653303961e-07
697,6,1e-05,0.3,True,True,False,1,242,1.4553234352030093e-07
698,6,1e-05,0.3,True,True,False,2,400,8.311618084902958e-08
699,6,1e-05,0.3,True,True,False,3,168,4.156260430370113e-07
700,6,1e-05,0.3,True,True,True,0,1199,9.827237108512794e-10
701,6,1e-05,0.3,True,True,True,1,1199,4.358690751721004e-09
702,6,1e-05,0.3,True,True,True,2,1199,2.517237298060772e-09
703,6,1e-05,0.3,True,True,True,3,1199,2.136565349521449e-09
704,6,1e-05,0.4,False,False,False,0,1034,2.1947575914379715e-05
705,6,1e-05,0.4,False,False,False,1,1199,7.101269071519262e-05
706,6,1e-05,0.4,False,False,False,2,876,0.0002197355813625
707,6,1e-05,0.4,False,False,False,3,1199,0.0002420328547845
708,6,1e-05,0.4,False,False,True,0,1199,1.3633115949127905e-06
709,6,1e-05,0.4,False,False,True,1,1199,1.3740122673464652e-05
710,6,1e-05,0.4,False,False,True,2,1199,1.2402185727251564e-05
711,6,1e-05,0.4,False,False,True,3,1199,1.1231373967446494e-05
712,6,1e-05,0.4,False,True,False,0,146,1.457913620441167e-06
713,6,1e-05,0.4,False,True,False,1,281,1.918202464742011e-06
714,6,1e-05,0.4,False,True,False,2,541,1.459744011813026e-05
715,6,1e-05,0.4,False,True,False,3,671,6.882086072491148e-07
716,6,1e-05,0.4,False,True,True,0,1199,7.92823072215684e-06
717,6,1e-05,0.4,False,True,True,1,1199,5.376873586391386e-06
718,6,1e-05,0.4,False,True,True,2,1199,9.812181786581828e-07
719,6,1e-05,0.4,False,True,True,3,1199,7.467612996354805e-06
720,6,1e-05,0.4,True,False,False,0,174,2.3732721869943132e-08
721,6,1e-05,0.4,True,False,False,1,208,1.887764248539203e-07
722,6,1e-05,0.4,True,False,False,2,166,4.430895154702261e-07
723,6,1e-05,0.4,True,False,False,3,262,6.151551371153693e-07
724,6,1e-05,0.4,True,False,True,0,1199,8.877894912628762e-10
725,6,1e-05,0.4,True,False,True,1,1199,2.28895799896028e-09
726,6,1e-05,0.4,True,False,True,2,1199,1.8780354220021193e-09
727,6,1e-05,0.4,True,False,True,3,1199,2.276313830139625e-09
728,6,1e-05,0.4,True,True,False,0,249,2.30782896988734e-07
729,6,1e-05,0.4,True,True,False,1,216,4.463101183618618e-07
730,6,1e-05,0.4,True,True,False,2,263,2.804289544229193e-07
731,6,1e-05,0.4,True,True,False,3,239,5.190055137178852e-07
732,6,1e-05,0.4,True,True,True,0,1199,7.508513170833471e-09
733,6,1e-05,0.4,True,True,True,1,1199,2.668622227968466e-09
734,6,1e-05,0.4,True,True,True,2,1199,4.5864483516136246e-09
735,6,1e-05,0.4,True,True,True,3,1199,3.474943660733633e-09
736,6,1e-05,0.5,False,False,False,0,1199,0.0001405413654349
737,6,1e-05,0.5,False,False,False,1,152,6.365020977298596e-05
738,6,1e-05,0.5,False,False,False,2,195,3.3565122450383446e-05
739,6,1e-05,0.5,False,False,False,3,794,0.0001495082925941
740,6,1e-05,0.5,False,False,True,0,1199,1.6834181929529095e-06
741,6,1e-05,0.5,False,False,True,1,1199,1.0778268769833604e-05
742,6,1e-05,0.5,False,False,True,2,1199,4.551783845252113e-05
743,6,1e-05,0.5,False,False,True,3,1199,9.522338936519214e-06
744,6,1e-05,0.5,False,True,False,0,214,1.877579252460354e-06
745,6,1e-05,0.5,False,True,False,1,1199,6.028551854767481e-05
746,6,1e-05,0.5,False,True,False,2,367,4.561658613166527e-06
747,6,1e-05,0.5,False,True,False,3,1199,2.6780526213021315e-05
748,6,1e-05,0.5,False,True,True,0,1199,2.8911107690005143e-06
749,6,1e-05,0.5,False,True,True,1,1199,1.9819519309838747e-06
750,6,1e-05,0.5,False,True,True,2,1199,1.971100552318876e-06
751,6,1e-05,0.5,False,True,True,3,1199,1.397415821183345e-06
752,6,1e-05,0.5,True,False,False,0,308,1.0619392989086035e-06
753,6,1e-05,0.5,True,False,False,1,162,7.696118876460825e-07
754,6,1e-05,0.5,True,False,False,2,376,1.482372048002443e-06
755,6,1e-05,0.5,True,False,False,3,197,2.258610914726335e-07
756,6,1e-05,0.5,True,False,True,0,1199,5.048486048328433e-10
757,6,1e-05,0.5,True,False,True,1,1046,1.449835426186754e-09
758,6,1e-05,0.5,True,False,True,2,1199,1.0576310385275623e-09
759,6,1e-05,0.5,True,False,True,3,1199,4.8367600683635694e-09
760,6,1e-05,0.5,True,True,False,0,153,3.006045464303727e-07
761,6,1e-05,0.5,True,True,False,1,190,4.379802035318186e-07
762,6,1e-05,0.5,True,True,False,2,164,1.0746114234178069e-07
763,6,1e-05,0.5,True,True,False,3,206,4.103828681269723e-07
764,6,1e-05,0.5,True,True,True,0,1199,4.1245939031118734e-08
765,6,1e-05,0.5,True,True,True,1,1199,5.533481961539162e-09
766,6,1e-05,0.5,True,True,True,2,1159,3.794213306274048e-09
767,6,1e-05,0.5,True,True,True,3,1199,1.083504565431032e-08
768,9,0.0001,0.2,False,False,False,0,388,2.0965881536681773e-05
769,9,0.0001,0.2,False,False,False,1,383,1.0967200193463447e-05
770,9,0.0001,0.2,False,False,False,2,638,2.1895477910647125e-05
771,9,0.0001,0.2,False,False,False,3,453,4.408470966469431e-06
772,9,0.0001,0.2,False,False,True,0,1146,2.0080022231388416e-05
773,9,0.0001,0.2,False,False,True,1,1037,2.51292107402246e-05
774,9,0.0001,0.2,False,False,True,2,1199,3.055703686503539e-05
775,9,0.0001,0.2,False,False,True,3,1199,1.6349145575367918e-05
776,9,0.0001,0.2,False,True,False,0,263,7.703168133388504e-06
777,9,0.0001,0.2,False,True,False,1,321,2.3113578018409392e-05
778,9,0.0001,0.2,False,True,False,2,326,1.3893541501339203e-05
779,9,0.0001,0.2,False,True,False,3,235,5.814678705462889e-06
780,9,0.0001,0.2,False,True,True,0,1199,3.517761021722354e-06
781,9,0.0001,0.2,False,True,True,1,1199,8.207394197810156e-06
782,9,0.0001,0.2,False,True,True,2,1199,2.3133667339092565e-06
783,9,0.0001,0.2,False,True,True,3,1199,2.8789593228734e-06
784,9,0.0001,0.2,True,False,False,0,299,5.808580143917775e-06
785,9,0.0001,0.2,True,False,False,1,297,3.4677270465274325e-06
786,9,0.0001,0.2,True,False,False,2,169,5.8289596347500616e-06
787,9,0.0001,0.2,True,False,False,3,238,4.123722546085206e-06
788,9,0.0001,0.2,True,False,True,0,1199,2.762436967257635e-06
789,9,0.0001,0.2,True,False,True,1,1199,1.403065197105979e-07
790,9,0.0001,0.2,True,False,True,2,1199,4.516119626200118e-07
791,9,0.0001,0.2,True,False,True,3,1199,1.5922635151975212e-07
792,9,0.0001,0.2,True,True,False,0,267,2.647514115235544e-06
793,9,0.0001,0.2,True,True,False,1,274,1.102004920941493e-06
794,9,0.0001,0.2,True,True,False,2,170,3.6417004123544223e-06
795,9,0.0001,0.2,True,True,False,3,170,1.1506333848922309e-06
796,9,0.0001,0.2,True,True,True,0,1199,2.5890417119011503e-08
797,9,0.0001,0.2,True,True,True,1,1199,3.4479676209154296e-08
798,9,0.0001,0.2,True,True,True,2,1199,2.756068997903799e-08
799,9,0.0001,0.2,True,True,True,3,1199,2.022343864880665e-08
800,9,0.0001,0.3,False,False,False,0,395,1.2204930876188791e-05
801,9,0.0001,0.3,False,False,False,1,236,9.541091284891496e-06
802,9,0.0001,0.3,False,False,False,2,276,3.144581013991701e-05
803,9,0.0001,0.3,False,False,False,3,406,5.209444000343707e-05
804,9,0.0001,0.3,False,False,True,0,1199,6.331007345867012e-06
805,9,0.0001,0.3,False,False,True,1,1199,5.201757444318881e-06
806,9,0.0001,0.3,False,False,True,2,1199,8.073115500233244e-06
807,9,0.0001,0.3,False,False,True,3,1199,4.013108134943059e-06
808,9,0.0001,0.3,False,True,False,0,551,1.0408827373555192e-05
809,9,0.0001,0.3,False,True,False,1,233,1.4072742830526996e-05
810,9,0.0001,0.3,False,True,False,2,893,2.3894239801419192e-05
811,9,0.0001,0.3,False,True,False,3,159,6.86771475343863e-06
812,9,0.0001,0.3,False,True,True,0,1199,1.3446639424456073e-07
813,9,0.0001,0.3,False,True,True,1,1199,2.020083186687236e-06
814,9,0.0001,0.3,False,True,True,2,1199,9.51500854685817e-06
815,9,0.0001,0.3,False,True,True,3,1199,6.364895680812309e-05
816,9,0.0001,0.3,True,False,False,0,209,3.819860148773607e-06
817,9,0.0001,0.3,True,False,False,1,200,1.5178181529449053e-05
818,9,0.0001,0.3,True,False,False,2,141,4.098112251583691e-06
819,9,0.0001,0.3,True,False,False,3,174,4.440135921492603e-06
820,9,0.0001,0.3,True,False,True,0,1199,1.427579018184154e-08
821,9,0.0001,0.3,True,False,True,1,1199,2.4959014739750196e-08
822,9,0.0001,0.3,True,False,True,2,1199,1.129456660604939e-08
823,9,0.0001,0.3,True,False,True,3,1199,1.8196635302826127e-08
824,9,0.0001,0.3,True,True,False,0,215,2.8484532261662004e-06
825,9,0.0001,0.3,True,True,False,1,170,1.4675121683912977e-06
826,9,0.0001,0.3,True,True,False,2,164,4.7899836601300775e-06
827,9,0.0001,0.3,True,True,False,3,168,8.904805627034157e-06
828,9,0.0001,0.3,True,True,True,0,1199,1.89706920748033e-08
829,9,0.0001,0.3,True,True,True,1,1199,1.502216680025537e-07
830,9,0.0001,0.3,True,True,True,2,1199,2.7996351535967348e-08
831,9,0.0001,0.3,True,True,True,3,1199,3.7063325574688475e-08
832,9,0.0001,0.4,False,False,False,0,283,1.8407696248251488e-05
833,9,0.0001,0.4,False,False,False,1,1116,0.0001028056311874
834,9,0.0001,0.4,False,False,False,2,1199,5.4502668430599006e-05
835,9,0.0001,0.4,False,False,False,3,215,0.0001266370919537
836,9,0.0001,0.4,False,False,True,0,1199,5.909689587863325e-06
837,9,0.0001,0.4,False,False,True,1,1199,1.1273639077275948e-06
838,9,0.0001,0.4,False,False,True,2,1199,1.6590350208441425e-05
839,9,0.0001,0.4,False,False,True,3,1199,3.4730491396922136e-06
840,9,0.0001,0.4,False,True,False,0,157,1.381640046584842e-05
841,9,0.0001,0.4,False,True,False,1,238,8.206881337954901e-06
842,9,0.0001,0.4,False,True,False,2,171,1.3986339109712532e-05
843,9,0.0001,0.4,False,True,False,3,296,1.478579506081938e-06
844,9,0.0001,0.4,False,True,True,0,1199,3.540543215021615e-07
845,9,0.0001,0.4,False,True,True,1,1199,0.0001384718503937
846,9,0.0001,0.4,False,True,True,2,1199,2.2519013316963723e-06
847,9,0.0001,0.4,False,True,True,3,1199,4.1985329811012425e-08
848,9,0.0001,0.4,True,False,False,0,205,6.148880763624557e-06
849,9,0.0001,0.4,True,False,False,1,330,4.908169413324704e-06
850,9,0.0001,0.4,True,False,False,2,187,7.926302247963989e-06
851,9,0.0001,0.4,True,False,False,3,309,3.51947041243228e-06
852,9,0.0001,0.4,True,False,True,0,1199,1.9511712953319893e-08
853,9,0.0001,0.4,True,False,True,1,1199,1.2045815035125066e-08
854,9,0.0001,0.4,True,False,True,2,1199,1.4280454316819004e-08
855,9,0.0001,0.4,True,False,True,3,1167,6.088504544525376e-09
856,9,0.0001,0.4,True,True,False,0,149,4.757017806309271e-06
857,9,0.0001,0.4,True,True,False,1,228,5.657263606265919e-06
858,9,0.0001,0.4,True,True,False,2,218,2.547988108259541e-06
859,9,0.0001,0.4,True,True,False,3,200,6.2400854553617695e-06
860,9,0.0001,0.4,True,True,True,0,1199,7.506516397556518e-08
861,9,0.0001,0.4,True,True,True,1,1199,4.680083216818904e-08
862,9,0.0001,0.4,True,True,True,2,1199,2.201093191876942e-07
863,9,0.0001,0.4,True,True,True,3,1199,5.0812340339145356e-08
864,9,0.0001,0.5,False,False,False,0,815,0.0001767034149973
865,9,0.0001,0.5,False,False,False,1,436,2.097710129810288e-05
866,9,0.0001,0.5,False,False,False,2,180,2.92370570672487e-05
867,9,0.0001,0.5,False,False,False,3,626,0.0001349187216404
868,9,0.0001,0.5,False,False,True,0,1199,4.0619925278776536e-05
869,9,0.0001,0.5,False,False,True,1,1199,4.579696078931271e-05
870,9,0.0001,0.5,False,False,True,2,1199,4.0174738002444026e-05
871,9,0.0001,0.5,False,False,True,3,1199,9.779053108088798e-06
872,9,0.0001,0.5,False,True,False,0,322,3.43961137930578e-06
873,9,0.0001,0.5,False,True,False,1,182,1.391302231590989e-05
874,9,0.0001,0.5,False,True,False,2,160,3.3983422805866912e-06
875,9,0.0001,0.5,False,True,False,3,281,1.3529165548607395e-05
876,9,0.0001,0.5,False,True,True,0,1199,1.572650043351084e-07
877,9,0.0001,0.5,False,True,True,1,1199,2.6134396719174183e-06
878,9,0.0001,0.5,False,True,True,2,1199,4.403286678607033e-06
879,9,0.0001,0.5,False,True,True,3,1199,1.595080492802982e-05
880,9,0.0001,0.5,True,False,False,0,178,5.772658303628277e-06
881,9,0.0001,0.5,True,False,False,1,203,9.188413953745052e-06
882,9,0.0001,0.5,True,False,False,2,159,3.6616027468549335e-06
883,9,0.0001,0.5,True,False,False,3,166,4.764464998367272e-06
884,9,0.0001,0.5,True,False,True,0,1199,2.8039426356834e-08
885,9,0.0001,0.5,True,False,True,1,1199,1.6117802768902766e-08
886,9,0.0001,0.5,True,False,True,2,1199,1.5630043033019676e-08
887,9,0.0001,0.5,True,False,True,3,1199,1.6285540077385688e-08
888,9,0.0001,0.5,True,True,False,0,176,9.777293554500478e-06
889,9,0.0001,0.5,True,True,False,1,370,4.665147843077717e-06
890,9,0.0001,0.5,True,True,False,2,387,3.4859942334036733e-06
891,9,0.0001,0.5,True,True,False,3,147,5.906730914361697e-06
892,9,0.0001,0.5,True,True,True,0,1199,5.2828502994597286e-08
893,9,0.0001,0.5,True,True,True,1,937,7.30267066400335e-08
894,9,0.0001,0.5,True,True,True,2,1199,4.675267393014315e-08
895,9,0.0001,0.5,True,True,True,3,1199,3.9417866023320954e-08
896,9,0.001,0.2,False,False,False,0,291,6.462559815003134e-05
897,9,0.001,0.2,False,False,False,1,314,8.04012263440075e-06
898,9,0.001,0.2,False,False,False,2,326,6.198805345384e-05
899,9,0.001,0.2,False,False,False,3,402,3.28010176651073e-05
900,9,0.001,0.2,False,False,True,0,1199,1.8699852346681067e-05
901,9,0.001,0.2,False,False,True,1,1199,1.8296065372367617e-05
902,9,0.001,0.2,False,False,True,2,1199,9.479406380285666e-05
903,9,0.001,0.2,False,False,True,3,1199,5.491039870346152e-05
904,9,0.001,0.2,False,True,False,0,368,6.20078500178985e-05
905,9,0.001,0.2,False,True,False,1,562,2.0612562275110226e-05
906,9,0.001,0.2,False,True,False,2,142,4.6199105315181824e-05
907,9,0.001,0.2,False,True,False,3,145,2.613652575058292e-05
908,9,0.001,0.2,False,True,True,0,1199,3.232470048749269e-06
909,9,0.001,0.2,False,True,True,1,1199,8.98623691758451e-07
910,9,0.001,0.2,False,True,True,2,1199,8.618433223178083e-06
911,9,0.001,0.2,False,True,True,3,1103,3.9896814813516876e-07
912,9,0.001,0.2,True,False,False,0,336,5.151001772449347e-05
913,9,0.001,0.2,True,False,False,1,233,4.750542902682364e-05
914,9,0.001,0.2,True,False,False,2,314,3.96582419474996e-05
915,9,0.001,0.2,True,False,False,3,198,0.0001262040529912
916,9,0.001,0.2,True,False,True,0,1199,4.939110913288972e-07
917,9,0.001,0.2,True,False,True,1,1199,3.0760348817362135e-07
918,9,0.001,0.2,True,False,True,2,1199,1.6072317519622889e-06
919,9,0.001,0.2,True,False,True,3,1199,4.877341708845083e-07
920,9,0.001,0.2,True,True,False,0,150,5.838061011628392e-05
921,9,0.001,0.2,True,True,False,1,176,6.085844412925559e-05
922,9,0.001,0.2,True,True,False,2,430,3.829173944610621e-05
923,9,0.001,0.2,True,True,False,3,251,8.038552180064144e-05
924,9,0.001,0.2,True,True,True,0,1199,7.506107014223874e-07
925,9,0.001,0.2,True,True,True,1,1199,4.619035240501742e-07
926,9,0.001,0.2,True,True,True,2,1078,2.1308255077938038e-07
927,9,0.001,0.2,True,True,True,3,1199,6.661442280641442e-07
928,9,0.001,0.3,False,False,False,0,176,4.098635783130269e-05
929,9,0.001,0.3,False,False,False,1,241,1.7750799862462987e-05
930,9,0.001,0.3,False,False,False,2,332,3.211639941227165e-05
931,9,0.001,0.3,False,False,False,3,259,5.346987196418845e-05
932,9,0.001,0.3,False,False,True,0,1199,3.1183956884153885e-06
933,9,0.001,0.3,False,False,True,1,1199,6.152979956658798e-06
934,9,0.001,0.3,False,False,True,2,1199,3.695538969668672e-06
935,9,0.001,0.3,False,False,True,3,1199,5.222761647047693e-06
936,9,0.001,0.3,False,True,False,0,212,5.646420172999669e-05
937,9,0.001,0.3,False,True,False,1,248,1.4420833473014068e-05
938,9,0.001,0.3,False,True,False,2,313,1.1174554389536851e-05
939,9,0.001,0.3,False,True,False,3,224,3.875134775351336e-05
940,9,0.001,0.3,False,True,True,0,1199,1.1478325389084623e-05
941,9,0.001,0.3,False,True,True,1,1199,6.349725168430379e-07
942,9,0.001,0.3,False,True,True,2,1199,2.365897815913293e-06
943,9,0.001,0.3,False,True,True,3,1129,1.7905425074802202e-06
944,9,0.001,0.3,True,False,False,0,164,4.300231608162821e-05
945,9,0.001,0.3,True,False,False,1,328,4.689941965930564e-05
946,9,0.001,0.3,True,False,False,2,160,0.0001314130910142
947,9,0.001,0.3,True,False,False,3,247,6.011227077399041e-05
948,9,0.001,0.3,True,False,True,0,1199,3.478800351812641e-07
949,9,0.001,0.3,True,False,True,1,1199,3.092687098915729e-07
950,9,0.001,0.3,True,False,True,2,1199,3.948092394472331e-07
951,9,0.001,0.3,True,False,True,3,1199,6.393236863249034e-07
952,9,0.001,0.3,True,True,False,0,238,6.55401465612297e-05
953,9,0.001,0.3,True,True,False,1,384,8.452705733932647e-05
954,9,0.001,0.3,True,True,False,2,152,2.9951123117899243e-05
955,9,0.001,0.3,True,True,False,3,330,6.73618969355102e-05
956,9,0.001,0.3,True,True,True,0,1199,4.003451311772565e-07
957,9,0.001,0.3,True,True,True,1,1199,4.751829283115906e-07
958,9,0.001,0.3,True,True,True,2,1199,3.0315792419158335e-07
959,9,0.001,0.3,True,True,True,3,1199,4.336334313169373e-07
960,9,0.001,0.4,False,False,False,0,169,9.09887670635172e-05
961,9,0.001,0.4,False,False,False,1,471,5.935329852331392e-05
962,9,0.001,0.4,False,False,False,2,146,2.44219536976851e-05
963,9,0.001,0.4,False,False,False,3,193,2.0442044790876708e-05
964,9,0.001,0.4,False,False,True,0,1199,1.6711840049371776e-05
965,9,0.001,0.4,False,False,True,1,1199,1.2469910839020933e-06
966,9,0.001,0.4,False,False,True,2,1199,1.5135522508911152e-05
967,9,0.001,0.4,False,False,True,3,1199,1.971145452473264e-06
968,9,0.001,0.4,False,True,False,0,204,2.6217638769363887e-05
969,9,0.001,0.4,False,True,False,1,475,2.7188996192658222e-05
970,9,0.001,0.4,False,True,False,2,201,2.745085533320624e-05
971,9,0.001,0.4,False,True,False,3,169,2.1849222025741824e-05
972,9,0.001,0.4,False,True,True,0,1199,5.454257563080525e-07
973,9,0.001,0.4,False,True,True,1,1199,6.235234351142865e-07
974,9,0.001,0.4,False,True,True,2,1199,5.609426748335663e-07
975,9,0.001,0.4,False,True,True,3,1199,9.274829214990252e-07
976,9,0.001,0.4,True,False,False,0,140,8.035064410443418e-05
977,9,0.001,0.4,True,False,False,1,169,4.418803957283884e-05
978,9,0.001,0.4,True,False,False,2,134,6.75959895216253e-05
979,9,0.001,0.4,True,False,False,3,125,7.184761013610333e-05
980,9,0.001,0.4,True,False,True,0,1199,5.676824231433846e-07
981,9,0.001,0.4,True,False,True,1,1199,1.5294165334414528e-07
982,9,0.001,0.4,True,False,True,2,1058,8.666219145194642e-07
983,9,0.001,0.4,True,False,True,3,1145,1.791732307175831e-07
984,9,0.001,0.4,True,True,False,0,148,0.0001175507592698
985,9,0.001,0.4,True,True,False,1,210,9.45409327439516e-05
986,9,0.001,0.4,True,True,False,2,175,8.127661559420597e-05
987,9,0.001,0.4,True,True,False,3,135,6.970526707683466e-05
988,9,0.001,0.4,True,True,True,0,1199,5.130966067445684e-07
989,9,0.001,0.4,True,True,True,1,1199,7.83960038949641e-07
990,9,0.001,0.4,True,True,True,2,1199,7.068481459950018e-07
991,9,0.001,0.4,True,True,True,3,1199,3.381122779884474e-07
992,9,0.001,0.5,False,False,False,0,503,4.55819634256634e-05
993,9,0.001,0.5,False,False,False,1,260,2.4289809428454632e-05
994,9,0.001,0.5,False,False,False,2,267,6.936933133129045e-05
995,9,0.001,0.5,False,False,False,3,249,2.1160396976579055e-05
996,9,0.001,0.5,False,False,True,0,1199,2.805307568876431e-07
997,9,0.001,0.5,False,False,True,1,1199,7.506619827202173e-06
998,9,0.001,0.5,False,False,True,2,1199,1.8467168879575184e-06
999,9,0.001,0.5,False,False,True,3,1199,8.342174878336937e-06
1000,9,0.001,0.5,False,True,False,0,172,8.59765873825843e-06
1001,9,0.001,0.5,False,True,False,1,210,4.625008230095036e-05
1002,9,0.001,0.5,False,True,False,2,257,3.310822183734953e-05
1003,9,0.001,0.5,False,True,False,3,254,8.985486644696231e-06
1004,9,0.001,0.5,False,True,True,0,1199,1.438720104242302e-07
1005,9,0.001,0.5,False,True,True,1,1199,2.1099882444482048e-06
1006,9,0.001,0.5,False,True,True,2,1199,2.4831816748221463e-06
1007,9,0.001,0.5,False,True,True,3,1199,4.252283863169158e-06
1008,9,0.001,0.5,True,False,False,0,194,3.5478141194789586e-05
1009,9,0.001,0.5,True,False,False,1,258,2.057799486286816e-05
1010,9,0.001,0.5,True,False,False,2,243,4.293795797099383e-05
1011,9,0.001,0.5,True,False,False,3,190,8.719600189326034e-05
1012,9,0.001,0.5,True,False,True,0,1199,1.725526905332276e-07
1013,9,0.001,0.5,True,False,True,1,1199,5.550198612870499e-07
1014,9,0.001,0.5,True,False,True,2,1199,2.809342404903077e-07
1015,9,0.001,0.5,True,False,True,3,1199,1.785072715350591e-07
1016,9,0.001,0.5,True,True,False,0,284,4.467603116715872e-05
1017,9,0.001,0.5,True,True,False,1,160,0.000102654246471
1018,9,0.001,0.5,True,True,False,2,147,9.391548900027736e-05
1019,9,0.001,0.5,True,True,False,3,188,9.357033585330152e-05
1020,9,0.001,0.5,True,True,True,0,1159,3.786754199767529e-07
1021,9,0.001,0.5,True,True,True,1,1199,1.8762939044161448e-06
1022,9,0.001,0.5,True,True,True,2,1199,2.7049361705195306e-07
1023,9,0.001,0.5,True,True,True,3,1199,1.0805799053634637e-06
1024,9,1e-05,0.2,False,False,False,0,801,0.0001152337748515
1025,9,1e-05,0.2,False,False,False,1,633,1.7486112632936274e-05
1026,9,1e-05,0.2,False,False,False,2,453,2.361529581163969e-05
1027,9,1e-05,0.2,False,False,False,3,445,3.4308543751407445e-06
1028,9,1e-05,0.2,False,False,True,0,1199,1.2145089052219584e-05
1029,9,1e-05,0.2,False,False,True,1,1199,3.291556785497854e-05
1030,9,1e-05,0.2,False,False,True,2,1199,2.69453886496948e-05
1031,9,1e-05,0.2,False,False,True,3,1199,7.794404696351177e-05
1032,9,1e-05,0.2,False,True,False,0,234,3.7568979188775264e-06
1033,9,1e-05,0.2,False,True,False,1,285,8.049097085273305e-06
1034,9,1e-05,0.2,False,True,False,2,197,1.9923048209756423e-06
1035,9,1e-05,0.2,False,True,False,3,166,5.986766346554755e-06
1036,9,1e-05,0.2,False,True,True,0,1199,8.988215616835611e-07
1037,9,1e-05,0.2,False,True,True,1,1199,4.745998026290806e-07
1038,9,1e-05,0.2,False,True,True,2,1199,2.355076309905304e-06
1039,9,1e-05,0.2,False,True,True,3,1199,7.783235820190008e-06
1040,9,1e-05,0.2,True,False,False,0,198,5.53803302159417e-07
1041,9,1e-05,0.2,True,False,False,1,194,3.335574355770146e-07
1042,9,1e-05,0.2,True,False,False,2,192,5.852255510066461e-07
1043,9,1e-05,0.2,True,False,False,3,176,7.475357963231903e-07
1044,9,1e-05,0.2,True,False,True,0,1199,7.347700123293e-08
1045,9,1e-05,0.2,True,False,True,1,1199,3.895563728542552e-07
1046,9,1e-05,0.2,True,False,True,2,1199,3.503951251475653e-07
1047,9,1e-05,0.2,True,False,True,3,1199,1.6315102334989997e-07
1048,9,1e-05,0.2,True,True,False,0,253,5.654030786320592e-07
1049,9,1e-05,0.2,True,True,False,1,166,3.049378294260289e-07
1050,9,1e-05,0.2,True,True,False,2,349,1.495605901399945e-07
1051,9,1e-05,0.2,True,True,False,3,171,1.6952821320822197e-07
1052,9,1e-05,0.2,True,True,True,0,1199,1.2347397556163396e-09
1053,9,1e-05,0.2,True,True,True,1,1199,1.3514891181998567e-09
1054,9,1e-05,0.2,True,True,True,2,1199,1.1996435968123244e-09
1055,9,1e-05,0.2,True,True,True,3,1199,5.259034413559642e-09
1056,9,1e-05,0.3,False,False,False,0,1053,4.752827653420566e-05
1057,9,1e-05,0.3,False,False,False,1,281,2.502178318621407e-05
1058,9,1e-05,0.3,False,False,False,2,937,6.122053959894569e-05
1059,9,1e-05,0.3,False,False,False,3,347,5.036833286062258e-05
1060,9,1e-05,0.3,False,False,True,0,1199,5.3021501740972535e-06
1061,9,1e-05,0.3,False,False,True,1,1199,5.43529791823383e-06
1062,9,1e-05,0.3,False,False,True,2,1199,5.74576722389479e-06
1063,9,1e-05,0.3,False,False,True,3,896,5.923307105038386e-06
1064,9,1e-05,0.3,False,True,False,0,1199,1.3768475921334928e-05
1065,9,1e-05,0.3,False,True,False,1,220,2.19900736144957e-07
1066,9,1e-05,0.3,False,True,False,2,206,4.53929331776269e-06
1067,9,1e-05,0.3,False,True,False,3,163,1.5012895358210494e-05
1068,9,1e-05,0.3,False,True,True,0,1199,3.1459538822660783e-06
1069,9,1e-05,0.3,False,True,True,1,1199,1.9393893471872395e-07
1070,9,1e-05,0.3,False,True,True,2,1199,6.90502182690095e-07
1071,9,1e-05,0.3,False,True,True,3,1199,8.919305064643975e-07
1072,9,1e-05,0.3,True,False,False,0,423,8.516844981748827e-07
1073,9,1e-05,0.3,True,False,False,1,199,4.315449657695774e-07
1074,9,1e-05,0.3,True,False,False,2,164,6.626791981015602e-07
1075,9,1e-05,0.3,True,False,False,3,275,1.25219507385739e-06
1076,9,1e-05,0.3,True,False,True,0,930,5.343148134983467e-09
1077,9,1e-05,0.3,True,False,True,1,1199,1.8749129886089403e-09
1078,9,1e-05,0.3,True,False,True,2,1199,1.1236787549932996e-09
1079,9,1e-05,0.3,True,False,True,3,960,7.067024305188529e-09
1080,9,1e-05,0.3,True,True,False,0,199,1.5683597909528344e-07
1081,9,1e-05,0.3,True,True,False,1,204,6.194616483050791e-07
1082,9,1e-05,0.3,True,True,False,2,247,2.3593584806802647e-07
1083,9,1e-05,0.3,True,True,False,3,271,4.0920169600591276e-07
1084,9,1e-05,0.3,True,True,True,0,1199,2.5527404807105486e-09
1085,9,1e-05,0.3,True,True,True,1,658,7.709598137773927e-09
1086,9,1e-05,0.3,True,True,True,2,1199,1.3487931636480523e-09
1087,9,1e-05,0.3,True,True,True,3,1199,5.480153319558292e-09
1088,9,1e-05,0.4,False,False,False,0,543,6.88999567111249e-05
1089,9,1e-05,0.4,False,False,False,1,273,6.108791677181633e-05
1090,9,1e-05,0.4,False,False,False,2,337,2.1130498854184255e-05
1091,9,1e-05,0.4,False,False,False,3,517,9.619477621511236e-05
1092,9,1e-05,0.4,False,False,True,0,1199,2.005243806937085e-05
1093,9,1e-05,0.4,False,False,True,1,1199,2.8989694186079585e-07
1094,9,1e-05,0.4,False,False,True,2,1199,1.1728570941109352e-05
1095,9,1e-05,0.4,False,False,True,3,1199,5.147018288622601e-07
1096,9,1e-05,0.4,False,True,False,0,367,1.3959951025401886e-07
1097,9,1e-05,0.4,False,True,False,1,821,3.538519709665436e-06
1098,9,1e-05,0.4,False,True,False,2,190,8.655521200424742e-06
1099,9,1e-05,0.4,False,True,False,3,853,5.991746781933497e-06
1100,9,1e-05,0.4,False,True,True,0,1199,2.735119555981113e-05
1101,9,1e-05,0.4,False,True,True,1,1199,1.7418814212667252e-06
1102,9,1e-05,0.4,False,True,True,2,1199,1.698585049663053e-08
1103,9,1e-05,0.4,False,True,True,3,1199,7.582460476847648e-06
1104,9,1e-05,0.4,True,False,False,0,250,5.349258087772362e-07
1105,9,1e-05,0.4,True,False,False,1,191,8.701389833393555e-07
1106,9,1e-05,0.4,True,False,False,2,150,4.833796450697873e-07
1107,9,1e-05,0.4,True,False,False,3,275,5.242202147052825e-07
1108,9,1e-05,0.4,True,False,True,0,1131,1.5794392745244192e-09
1109,9,1e-05,0.4,True,False,True,1,1143,3.779614927292287e-09
1110,9,1e-05,0.4,True,False,True,2,1199,1.1543370884030042e-09
1111,9,1e-05,0.4,True,False,True,3,1199,2.1110710370838073e-09
1112,9,1e-05,0.4,True,True,False,0,204,4.676708690000643e-07
1113,9,1e-05,0.4,True,True,False,1,225,1.6633500313217065e-07
1114,9,1e-05,0.4,True,True,False,2,274,5.156826011359305e-07
1115,9,1e-05,0.4,True,True,False,3,367,3.386102019803096e-07
1116,9,1e-05,0.4,True,True,True,0,1199,3.620750502191035e-09
1117,9,1e-05,0.4,True,True,True,1,1199,2.986672884950433e-09
1118,9,1e-05,0.4,True,True,True,2,1199,4.076949880635417e-09
1119,9,1e-05,0.4,True,True,True,3,1199,4.349617808892289e-09
1120,9,1e-05,0.5,False,False,False,0,1199,0.0002214429799194
1121,9,1e-05,0.5,False,False,False,1,176,3.247151655457964e-05
1122,9,1e-05,0.5,False,False,False,2,206,2.2195562797721106e-05
1123,9,1e-05,0.5,False,False,False,3,173,6.961803157020653e-05
1124,9,1e-05,0.5,False,False,True,0,1199,9.480994174794976e-06
1125,9,1e-05,0.5,False,False,True,1,1199,2.1415547243758864e-05
1126,9,1e-05,0.5,False,False,True,2,1199,1.037289220491358e-05
1127,9,1e-05,0.5,False,False,True,3,1199,2.554979086562916e-05
1128,9,1e-05,0.5,False,True,False,0,630,8.943679782145334e-06
1129,9,1e-05,0.5,False,True,False,1,289,9.23320662408288e-06
1130,9,1e-05,0.5,False,True,False,2,646,1.1849870605259354e-06
1131,9,1e-05,0.5,False,True,False,3,493,3.299908791753515e-05
1132,9,1e-05,0.5,False,True,True,0,1199,1.040926800994246e-05
1133,9,1e-05,0.5,False,True,True,1,1199,0.000190787728579
1134,9,1e-05,0.5,False,True,True,2,1199,6.810598040498387e-07
1135,9,1e-05,0.5,False,True,True,3,1199,2.610405794642391e-06
1136,9,1e-05,0.5,True,False,False,0,249,9.365577634439028e-07
1137,9,1e-05,0.5,True,False,False,1,168,7.662603365990304e-07
1138,9,1e-05,0.5,True,False,False,2,138,1.7399269635479343e-06
1139,9,1e-05,0.5,True,False,False,3,137,1.5973473550176628e-06
1140,9,1e-05,0.5,True,False,True,0,1199,4.984932654830951e-10
1141,9,1e-05,0.5,True,False,True,1,1199,1.5755963845870774e-09
1142,9,1e-05,0.5,True,False,True,2,987,2.408830285556883e-09
1143,9,1e-05,0.5,True,False,True,3,1199,2.650578373064993e-09
1144,9,1e-05,0.5,True,True,False,0,172,5.058046452390363e-07
1145,9,1e-05,0.5,True,True,False,1,220,5.498353252425688e-07
1146,9,1e-05,0.5,True,True,False,2,172,7.740764530165435e-07
1147,9,1e-05,0.5,True,True,False,3,152,6.498373272355405e-07
1148,9,1e-05,0.5,True,True,True,0,1199,3.282555682938414e-09
1149,9,1e-05,0.5,True,True,True,1,1199,5.3598412669708845e-09
1150,9,1e-05,0.5,True,True,True,2,1199,3.524808433924886e-09
1151,9,1e-05,0.5,True,True,True,3,1199,3.8823075690284505e-09
